	DocumentNode	ProductID	ModifiedDate
0	/2/1/	317	2013-12-29 13:51:58.103
1	/2/1/	318	2013-12-29 13:51:58.103
2	/2/1/	319	2013-12-29 13:51:58.103
3	/3/1/	506	2013-12-29 13:51:58.103
4	/3/2/	506	2013-12-29 13:51:58.103
5	/3/4/	514	2013-12-29 13:51:58.120
6	/3/4/	515	2013-12-29 13:51:58.120
7	/3/4/	516	2013-12-29 13:51:58.120
8	/3/4/	517	2013-12-29 13:51:58.120
9	/3/4/	518	2013-12-29 13:51:58.120
10	/3/4/	519	2013-12-29 13:51:58.120
11	/3/4/	520	2013-12-29 13:51:58.120
12	/3/4/	521	2013-12-29 13:51:58.120
13	/3/4/	522	2013-12-29 13:51:58.120
14	/2/1/	928	2013-12-29 13:51:58.103
15	/2/1/	929	2013-12-29 13:51:58.103
16	/2/1/	930	2013-12-29 13:51:58.103
17	/2/1/	931	2013-12-29 13:51:58.103
18	/2/1/	932	2013-12-29 13:51:58.103
19	/2/1/	933	2013-12-29 13:51:58.103
20	/2/1/	934	2013-12-29 13:51:58.103
21	/3/3/	935	2013-12-29 13:51:58.103
22	/3/3/	936	2013-12-29 13:51:58.103
23	/3/3/	937	2013-12-29 13:51:58.103
24	/3/3/	938	2013-12-29 13:51:58.103
25	/3/3/	939	2013-12-29 13:51:58.103
26	/3/3/	940	2013-12-29 13:51:58.103
27	/3/3/	941	2013-12-29 13:51:58.103
28	/1/1/	977	2013-12-29 13:51:58.103
29	/1/1/	997	2013-12-29 13:51:58.103
30	/1/1/	998	2013-12-29 13:51:58.103
31	/1/1/	999	2013-12-29 13:51:58.120
